{
  "setup": {
    "nose": [
      0.2968843877315521,
      0.2094135880470276,
      -0.09979487210512161
    ],
    "left_shoulder": [
      0.2563544809818268,
      0.2886199951171875,
      0.09038834273815155
    ],
    "right_shoulder": [
      0.251427561044693,
      0.2799595594406128,
      -0.23465359210968018
    ],
    "left_elbow": [
      0.2443220317363739,
      0.4015914797782898,
      0.15012700855731964
    ],
    "right_elbow": [
      0.22550873458385468,
      0.4059348702430725,
      -0.26853159070014954
    ],
    "left_wrist": [
      0.26357096433639526,
      0.4730585217475891,
      0.09868045151233673
    ],
    "right_wrist": [
      0.25520431995391846,
      0.494815856218338,
      -0.27050554752349854
    ],
    "left_hip": [
      0.24169020354747772,
      0.5161315202713013,
      0.09713369607925415
    ],
    "right_hip": [
      0.21341529488563538,
      0.5116967558860779,
      -0.09712894260883331
    ],
    "left_knee": [
      0.28406885266304016,
      0.6492115259170532,
      0.10804887861013412
    ],
    "right_knee": [
      0.18014149367809296,
      0.672612190246582,
      -0.08074944466352463
    ],
    "left_ankle": [
      0.2820076048374176,
      0.8159173130989075,
      0.19188788533210754
    ],
    "right_ankle": [
      0.15382559597492218,
      0.8346719741821289,
      -0.010640866123139858
    ]
  },
  "backswing": {
    "nose": [
      0.404805988073349,
      0.2836708426475525,
      -0.8502880334854126
    ],
    "left_shoulder": [
      0.6448786854743958,
      0.727449893951416,
      -0.9019201993942261
    ],
    "right_shoulder": [
      0.49878937005996704,
      0.577082097530365,
      -0.004768664948642254
    ],
    "left_elbow": [
      0.888885498046875,
      1.0296684503555298,
      -0.8242867588996887
    ],
    "right_elbow": [
      0.5486085414886475,
      0.31601786613464355,
      0.32456475496292114
    ],
    "left_wrist": [
      0.8827309608459473,
      1.3073312044143677,
      -0.5896687507629395
    ],
    "right_wrist": [
      0.5221636295318604,
      0.08321063965559006,
      0.4948696196079254
    ],
    "left_hip": [
      0.637866199016571,
      1.6602240800857544,
      -0.322237491607666
    ],
    "right_hip": [
      0.5134159922599792,
      1.5365850925445557,
      0.3245247006416321
    ],
    "left_knee": [
      0.5999852418899536,
      1.8006091117858887,
      -0.43480467796325684
    ],
    "right_knee": [
      0.4109923839569092,
      1.6201870441436768,
      0.3042677044868469
    ],
    "left_ankle": [
      0.6303172707557678,
      2.4185163974761963,
      0.11900236457586288
    ],
    "right_ankle": [
      0.41243505477905273,
      2.3078181743621826,
      0.7058931589126587
    ]
  },
  "contact": {
    "nose": [
      0.3494906425476074,
      0.4620429277420044,
      -0.26525357365608215
    ],
    "left_shoulder": [
      0.6022636890411377,
      0.8578866720199585,
      -0.6530962586402893
    ],
    "right_shoulder": [
      0.4964788556098938,
      0.83137446641922,
      0.35216987133026123
    ],
    "left_elbow": [
      0.7542301416397095,
      1.1347395181655884,
      -1.0775048732757568
    ],
    "right_elbow": [
      0.5073854923248291,
      1.320586085319519,
      0.4565414488315582
    ],
    "left_wrist": [
      0.7913599610328674,
      1.445882797241211,
      -1.3336912393569946
    ],
    "right_wrist": [
      0.5181686282157898,
      1.6309936046600342,
      0.15965910255908966
    ],
    "left_hip": [
      0.6275571584701538,
      1.857990026473999,
      -0.3593239188194275
    ],
    "right_hip": [
      0.4967913031578064,
      1.805877685546875,
      0.36244910955429077
    ],
    "left_knee": [
      0.5865650177001953,
      2.010427951812744,
      -0.49144142866134644
    ],
    "right_knee": [
      0.3930341303348541,
      1.9125230312347412,
      0.3079907298088074
    ],
    "left_ankle": [
      0.6135731339454651,
      2.6653683185577393,
      -0.0382206030189991
    ],
    "right_ankle": [
      0.41855016350746155,
      2.527451753616333,
      0.5883740186691284
    ]
  },
  "follow_through": {
    "nose": [
      0.6900554895401001,
      0.40837326645851135,
      0.27460962533950806
    ],
    "left_shoulder": [
      0.6149648427963257,
      0.48737525939941406,
      0.01904958486557007
    ],
    "right_shoulder": [
      0.7364793419837952,
      0.49757295846939087,
      0.037018630653619766
    ],
    "left_elbow": [
      0.5827206373214722,
      0.631308376789093,
      0.14375419914722443
    ],
    "right_elbow": [
      0.7732220888137817,
      0.6301834583282471,
      0.15412773191928864
    ],
    "left_wrist": [
      0.5638977289199829,
      0.6656762361526489,
      0.37565672397613525
    ],
    "right_wrist": [
      0.7843721508979797,
      0.699806272983551,
      0.3503792881965637
    ],
    "left_hip": [
      0.6227220296859741,
      0.8115652203559875,
      -0.020635101944208145
    ],
    "right_hip": [
      0.6868118643760681,
      0.8132632970809937,
      0.02052641287446022
    ],
    "left_knee": [
      0.5008220672607422,
      0.9123028516769409,
      0.1451708823442459
    ],
    "right_knee": [
      0.6846126317977905,
      0.9201056361198425,
      0.21109242737293243
    ],
    "left_ankle": [
      0.5202995538711548,
      1.0800079107284546,
      0.34922611713409424
    ],
    "right_ankle": [
      0.6749540567398071,
      1.0430998802185059,
      0.385394424200058
    ]
  }
}