{
  "setup": {
    "nose": [
      0.4754326343536377,
      0.41528210043907166,
      -0.06786546856164932
    ],
    "left_shoulder": [
      0.40569868683815,
      0.4846276640892029,
      0.1461414396762848
    ],
    "right_shoulder": [
      0.3999011516571045,
      0.5083496570587158,
      -0.2541024386882782
    ],
    "left_elbow": [
      0.38389450311660767,
      0.6363731026649475,
      0.18379777669906616
    ],
    "right_elbow": [
      0.3737082779407501,
      0.6950052380561829,
      -0.26907745003700256
    ],
    "left_wrist": [
      0.41831645369529724,
      0.7461189031600952,
      0.08662763983011246
    ],
    "right_wrist": [
      0.4482935965061188,
      0.7633195519447327,
      -0.21324019134044647
    ],
    "left_hip": [
      0.3227822780609131,
      0.7515972852706909,
      0.11756191402673721
    ],
    "right_hip": [
      0.3300366997718811,
      0.7787051796913147,
      -0.1172071322798729
    ],
    "left_knee": [
      0.27748608589172363,
      0.9702082872390747,
      0.1574997901916504
    ],
    "right_knee": [
      0.34127384424209595,
      0.9587972164154053,
      -0.1220075935125351
    ],
    "left_ankle": [
      0.2394597977399826,
      1.0945041179656982,
      0.24379535019397736
    ],
    "right_ankle": [
      0.3785991370677948,
      0.9130281805992126,
      0.1151910275220871
    ]
  },
  "backswing": {
    "nose": [
      0.4762434959411621,
      0.2804052233695984,
      0.05007944628596306
    ],
    "left_shoulder": [
      0.39198508858680725,
      0.3496970534324646,
      0.16533057391643524
    ],
    "right_shoulder": [
      0.43877464532852173,
      0.40532875061035156,
      -0.1991899162530899
    ],
    "left_elbow": [
      0.38035571575164795,
      0.5133353471755981,
      0.1734667420387268
    ],
    "right_elbow": [
      0.4321579039096832,
      0.581173300743103,
      -0.18325194716453552
    ],
    "left_wrist": [
      0.4205095171928406,
      0.6102414727210999,
      0.09452128410339355
    ],
    "right_wrist": [
      0.5077469944953918,
      0.6197600960731506,
      -0.0180086400359869
    ],
    "left_hip": [
      0.37505432963371277,
      0.6866960525512695,
      0.11984119564294815
    ],
    "right_hip": [
      0.3649725019931793,
      0.69971764087677,
      -0.11979538202285767
    ],
    "left_knee": [
      0.4233403205871582,
      0.8853135704994202,
      0.23036417365074158
    ],
    "right_knee": [
      0.29884961247444153,
      0.9039866328239441,
      -0.18513987958431244
    ],
    "left_ankle": [
      0.3992892801761627,
      1.0279316902160645,
      0.3855978548526764
    ],
    "right_ankle": [
      0.18274115025997162,
      0.9262804388999939,
      -0.040906768292188644
    ]
  },
  "contact": {
    "nose": [
      0.47277870774269104,
      0.2803608477115631,
      0.046398572623729706
    ],
    "left_shoulder": [
      0.39068716764450073,
      0.35333511233329773,
      0.16005787253379822
    ],
    "right_shoulder": [
      0.43808260560035706,
      0.40536054968833923,
      -0.20008938014507294
    ],
    "left_elbow": [
      0.380320280790329,
      0.5154416561126709,
      0.16864846646785736
    ],
    "right_elbow": [
      0.43232089281082153,
      0.5817565321922302,
      -0.18462932109832764
    ],
    "left_wrist": [
      0.41837459802627563,
      0.6198810338973999,
      0.08053053915500641
    ],
    "right_wrist": [
      0.5080640316009521,
      0.6205872297286987,
      -0.027272304520010948
    ],
    "left_hip": [
      0.37861743569374084,
      0.6914883852005005,
      0.1253228485584259
    ],
    "right_hip": [
      0.36541855335235596,
      0.7032656073570251,
      -0.12529034912586212
    ],
    "left_knee": [
      0.4238666892051697,
      0.8958583474159241,
      0.23790065944194794
    ],
    "right_knee": [
      0.2992398142814636,
      0.9064652323722839,
      -0.18476124107837677
    ],
    "left_ankle": [
      0.3989025950431824,
      1.021060824394226,
      0.39804309606552124
    ],
    "right_ankle": [
      0.1848146617412567,
      0.9107084274291992,
      -0.013910504989326
    ]
  },
  "follow_through": {
    "nose": [
      0.47277870774269104,
      0.2803608477115631,
      0.046398572623729706
    ],
    "left_shoulder": [
      0.39068716764450073,
      0.35333511233329773,
      0.16005787253379822
    ],
    "right_shoulder": [
      0.43808260560035706,
      0.40536054968833923,
      -0.20008938014507294
    ],
    "left_elbow": [
      0.380320280790329,
      0.5154416561126709,
      0.16864846646785736
    ],
    "right_elbow": [
      0.43232089281082153,
      0.5817565321922302,
      -0.18462932109832764
    ],
    "left_wrist": [
      0.41837459802627563,
      0.6198810338973999,
      0.08053053915500641
    ],
    "right_wrist": [
      0.5080640316009521,
      0.6205872297286987,
      -0.027272304520010948
    ],
    "left_hip": [
      0.37861743569374084,
      0.6914883852005005,
      0.1253228485584259
    ],
    "right_hip": [
      0.36541855335235596,
      0.7032656073570251,
      -0.12529034912586212
    ],
    "left_knee": [
      0.4238666892051697,
      0.8958583474159241,
      0.23790065944194794
    ],
    "right_knee": [
      0.2992398142814636,
      0.9064652323722839,
      -0.18476124107837677
    ],
    "left_ankle": [
      0.3989025950431824,
      1.021060824394226,
      0.39804309606552124
    ],
    "right_ankle": [
      0.1848146617412567,
      0.9107084274291992,
      -0.013910504989326
    ]
  }
}