{
  "setup": {
    "nose": [
      0.7042999863624573,
      0.6624634265899658,
      -0.1780546009540558
    ],
    "left_shoulder": [
      0.738846480846405,
      0.5738350749015808,
      -0.13514377176761627
    ],
    "right_shoulder": [
      0.7774186134338379,
      0.6403052806854248,
      -0.054845087230205536
    ],
    "left_elbow": [
      0.7484076619148254,
      0.4131354093551636,
      -0.13961508870124817
    ],
    "right_elbow": [
      0.816451907157898,
      0.6831322908401489,
      -0.04101453348994255
    ],
    "left_wrist": [
      0.758641242980957,
      0.2955036163330078,
      -0.16619358956813812
    ],
    "right_wrist": [
      0.8009282350540161,
      0.8084538578987122,
      -0.008383502252399921
    ],
    "left_hip": [
      0.8296453356742859,
      0.3019292950630188,
      -0.04274725914001465
    ],
    "right_hip": [
      0.8343833684921265,
      0.3210316598415375,
      0.04288315027952194
    ],
    "left_knee": [
      0.8300113677978516,
      0.5094629526138306,
      -0.030032148584723473
    ],
    "right_knee": [
      0.8221847414970398,
      0.5197126269340515,
      0.16667841374874115
    ],
    "left_ankle": [
      0.7865532040596008,
      0.7886521816253662,
      0.05931740254163742
    ],
    "right_ankle": [
      0.7862280011177063,
      0.7758843898773193,
      0.298465758562088
    ]
  },
  "backswing": {
    "nose": [
      0.7839215993881226,
      0.4365027844905853,
      -0.30861830711364746
    ],
    "left_shoulder": [
      0.73427414894104,
      0.39428603649139404,
      -0.17957495152950287
    ],
    "right_shoulder": [
      0.8286755681037903,
      0.49847519397735596,
      -0.2090528905391693
    ],
    "left_elbow": [
      0.6997944116592407,
      0.28987300395965576,
      -0.16414909064769745
    ],
    "right_elbow": [
      0.8563515543937683,
      0.5215960144996643,
      -0.17614921927452087
    ],
    "left_wrist": [
      0.6940725445747375,
      0.18662217259407043,
      -0.21247510612010956
    ],
    "right_wrist": [
      0.8487011790275574,
      0.5952132940292358,
      -0.15766367316246033
    ],
    "left_hip": [
      0.7617310881614685,
      0.3994355797767639,
      0.018480537459254265
    ],
    "right_hip": [
      0.800197422504425,
      0.4532962441444397,
      -0.01827925071120262
    ],
    "left_knee": [
      0.718616247177124,
      0.5018554925918579,
      -0.07367895543575287
    ],
    "right_knee": [
      0.7659304738044739,
      0.6213077306747437,
      0.05156221240758896
    ],
    "left_ankle": [
      0.6916188597679138,
      0.6474727392196655,
      -0.13380758464336395
    ],
    "right_ankle": [
      0.7094265222549438,
      0.7851510047912598,
      0.015512299723923206
    ]
  },
  "contact": {
    "nose": [
      0.3947022557258606,
      0.8867034912109375,
      -0.05322717875242233
    ],
    "left_shoulder": [
      0.4281013011932373,
      0.9293110966682434,
      -0.10329122841358185
    ],
    "right_shoulder": [
      0.4063122272491455,
      0.932918906211853,
      0.03486565127968788
    ],
    "left_elbow": [
      0.4412585198879242,
      0.9554715752601624,
      -0.1217166930437088
    ],
    "right_elbow": [
      0.39254969358444214,
      0.9539664387702942,
      0.05100248381495476
    ],
    "left_wrist": [
      0.44875749945640564,
      0.9470694065093994,
      -0.12021584808826447
    ],
    "right_wrist": [
      0.38550037145614624,
      0.9690953493118286,
      0.016592705622315407
    ],
    "left_hip": [
      0.427196204662323,
      1.0609513521194458,
      -0.04876087233424187
    ],
    "right_hip": [
      0.4182923436164856,
      1.0631989240646362,
      0.048896148800849915
    ],
    "left_knee": [
      0.4088892936706543,
      0.9767427444458008,
      -0.054107438772916794
    ],
    "right_knee": [
      0.38431867957115173,
      0.9907258152961731,
      0.04924263805150986
    ],
    "left_ankle": [
      0.38161468505859375,
      0.9810710549354553,
      0.018768005073070526
    ],
    "right_ankle": [
      0.3583355247974396,
      0.9826914668083191,
      0.10290129482746124
    ]
  },
  "follow_through": {
    "nose": [
      0.460634708404541,
      0.513468861579895,
      0.09752169251441956
    ],
    "left_shoulder": [
      0.4438937306404114,
      0.5599905848503113,
      -0.04207563400268555
    ],
    "right_shoulder": [
      0.5073203444480896,
      0.5531743168830872,
      0.0500277504324913
    ],
    "left_elbow": [
      0.40569382905960083,
      0.609592616558075,
      -0.008595805615186691
    ],
    "right_elbow": [
      0.5377317667007446,
      0.5968111753463745,
      0.14711709320545197
    ],
    "left_wrist": [
      0.38596588373184204,
      0.652722179889679,
      0.08964511752128601
    ],
    "right_wrist": [
      0.535323977470398,
      0.5890613794326782,
      0.28329482674598694
    ],
    "left_hip": [
      0.4762469232082367,
      0.7337570786476135,
      -0.03403017297387123
    ],
    "right_hip": [
      0.5083164572715759,
      0.7220415472984314,
      0.03338535875082016
    ],
    "left_knee": [
      0.45209765434265137,
      0.7773171067237854,
      0.09388820827007294
    ],
    "right_knee": [
      0.5003131628036499,
      0.755146861076355,
      0.20314860343933105
    ],
    "left_ankle": [
      0.5067538619041443,
      0.8311263918876648,
      -0.036520928144454956
    ],
    "right_ankle": [
      0.5152277946472168,
      0.8277491927146912,
      0.062199823558330536
    ]
  }
}